{"cameraMode":{"drawMode":0,"name":"Shaded","section":"Shading Mode"},"sceneLighting":false,"audioPlay":false,"sceneViewState":{"m_AlwaysRefresh":false,"showFog":true,"showSkybox":false,"showFlares":true,"showImageEffects":true,"showParticleSystems":true,"showVisualEffectGraphs":true,"m_FxEnabled":true},"in2DMode":false,"pivot":{"x":-0.5018552541732788,"y":1.6242082118988038,"z":-0.08340239524841309},"rotation":{"x":-0.009760534390807152,"y":0.9848889708518982,"z":-0.059164512902498248,"w":-0.16247975826263429},"size":1.4219471216201783,"orthographic":false}